,r2 score,KFold r2 score,Mean Squared Error,Mean Absolute Error
TRAIN,0.9788,0.8418,126526194.41961975,6642.987816780822
VALID,0.8663,0.8429,1025521059.8762454,18071.371575342466
